{
  "k=0": {
    "bleu": 0.0,
    "rouge1": 0.0,
    "rouge2": 0.0,
    "rougeL": 0.0
  },
  "k=1": {
    "bleu": 0.0,
    "rouge1": 0.02788569203723156,
    "rouge2": 0.0,
    "rougeL": 0.02741178443441771
  },
  "k=2": {
    "bleu": 0.009360856315771627,
    "rouge1": 0.08370577053748646,
    "rouge2": 0.002511160714285714,
    "rougeL": 0.08371520434531388
  },
  "k=4": {
    "bleu": 0.0443763878715752,
    "rouge1": 0.21789792159066723,
    "rouge2": 0.030480587121212124,
    "rougeL": 0.2166676502655588
  },
  "k=8": {
    "bleu": 0.23059067455759094,
    "rouge1": 0.5940772814941808,
    "rouge2": 0.1998828125,
    "rougeL": 0.5936721795273676
  },
  "k=16": {
    "bleu": 0.18505928767976826,
    "rouge1": 0.5423187841919698,
    "rouge2": 0.13505859375,
    "rougeL": 0.5440691751885933
  }
}