{
  "k=0": {
    "R@1": 0.001953125,
    "R@5": 0.009765625,
    "R@10": 0.01953125
  },
  "k=1": {
    "R@1": 0.064453125,
    "R@5": 0.15234375,
    "R@10": 0.21875
  },
  "k=2": {
    "R@1": 0.255859375,
    "R@5": 0.525390625,
    "R@10": 0.60546875
  },
  "k=4": {
    "R@1": 0.50390625,
    "R@5": 0.712890625,
    "R@10": 0.78125
  },
  "k=8": {
    "R@1": 0.474609375,
    "R@5": 0.666015625,
    "R@10": 0.7265625
  },
  "k=16": {
    "R@1": 0.40625,
    "R@5": 0.58984375,
    "R@10": 0.66015625
  }
}